{"cameraMode":{"drawMode":0,"name":"Shaded","section":"Shading Mode"},"sceneLighting":true,"audioPlay":false,"sceneViewState":{"m_AlwaysRefresh":false,"showFog":true,"showSkybox":true,"showFlares":true,"showImageEffects":true,"showParticleSystems":true,"showVisualEffectGraphs":true,"m_FxEnabled":true},"in2DMode":false,"pivot":{"x":1115.247314453125,"y":226.3341064453125,"z":-17.03887939453125},"rotation":{"x":-0.13845950365066529,"y":-0.011296619661152363,"z":0.001545665436424315,"w":-0.9903364777565002},"size":599.2339477539063,"orthographic":false}